{
  "per_decision_energy": {
    "body_mj": 3.91428e-05,
    "brain_mj": 0.0039165640001,
    "mind_mj": 1.075049792,
    "total_mj": 1.0790054988000999
  },
  "computational_load": {
    "body_flops": 12442.0,
    "brain_flops": 3265236.0,
    "mind_flops": 1074867392,
    "body_memory_kb": 260.75,
    "brain_memory_kb": 6360.625,
    "mind_memory_kb": 1781.25
  },
  "scaling_exponents": {
    "body_energy": 0.010332084517543904,
    "body_r_squared": 0.9270830326591676,
    "body_regime": "sub-linear"
  },
  "system_parameters": {
    "control_frequency_hz": 100,
    "decision_period_ms": 10,
    "baseline_power_mw": 0.0,
    "total_power_w": 0.10790054988000998
  }
}